timestamp,abdelrahman_result,abdelrahman_http,abdelrahman_time,website_result,website_http,website_time,ha_result,ha_http,ha_time,ai_result,ai_http,ai_time,root_result,root_http,root_time
2026-07-01T00:00:30Z,up,200,0.181968,up,200,0.300007,up,200,0.829181,up,200,0.173309,up,200,0.227972
2026-07-01T00:02:42Z,up,200,0.111431,up,200,0.070540,up,200,0.424894,up,200,0.068554,up,200,0.063397
2026-07-01T00:30:28Z,up,200,0.149638,up,200,0.125610,up,200,0.561077,up,200,0.153575,up,200,0.205389
2026-07-01T01:00:28Z,up,200,0.074062,up,200,0.067289,up,200,0.691133,up,200,0.066293,up,200,0.069333
2026-07-01T01:30:28Z,up,200,0.129131,up,200,0.141427,up,200,0.652577,up,200,0.122379,up,200,0.134551
2026-07-01T02:00:25Z,up,200,0.069975,up,200,0.073993,up,200,0.402507,up,200,0.076395,up,200,0.076598
2026-07-01T02:30:25Z,up,200,0.064505,up,200,0.078213,up,200,0.211485,up,200,0.066857,up,200,0.074025
2026-07-01T03:00:29Z,up,200,0.134987,up,200,0.084506,up,200,0.682936,up,200,0.085674,up,200,0.077891
2026-07-01T03:30:28Z,up,200,0.115386,up,200,0.126309,up,200,0.649228,up,200,0.119106,up,200,0.138390
2026-07-01T04:00:25Z,up,200,0.097092,up,200,0.058682,up,200,0.387149,up,200,0.066443,up,200,0.082366
2026-07-01T04:30:30Z,up,200,0.080082,up,200,0.069310,up,200,0.561926,up,200,0.113486,up,200,0.067590
2026-07-01T05:00:25Z,up,200,0.098190,up,200,0.069551,up,200,0.503852,up,200,0.065814,up,200,0.064732
2026-07-01T05:18:19Z,up,200,0.068449,up,200,0.069881,up,200,0.378327,up,200,0.078035,up,200,0.070371
2026-07-01T05:30:25Z,up,200,0.060847,up,200,0.060510,up,200,0.498940,up,200,0.085382,up,200,0.069214
2026-07-01T06:00:26Z,up,200,0.090194,up,200,0.095791,up,200,0.636032,up,200,0.131755,up,200,0.098562
2026-07-01T06:30:25Z,up,200,0.075424,up,200,0.067107,up,200,0.406989,up,200,0.076114,up,200,0.069312
2026-07-01T07:00:27Z,up,200,0.106353,up,200,0.092067,up,200,0.454590,up,200,0.093067,up,200,0.091237
2026-07-01T07:30:25Z,up,200,0.071422,up,200,0.073156,up,200,0.512081,up,200,0.077989,up,200,0.065968
2026-07-01T08:00:28Z,up,200,0.071694,up,200,0.073539,up,200,0.565281,up,200,0.091259,up,200,0.083857
2026-07-01T08:30:29Z,up,200,0.081056,up,200,0.106130,up,200,0.258630,up,200,0.093766,up,200,0.073043
2026-07-01T09:00:28Z,up,200,0.102034,up,200,0.128177,up,200,0.574000,up,200,0.104561,up,200,0.103484
2026-07-01T09:30:26Z,up,200,0.123902,up,200,0.114630,up,200,0.658930,up,200,0.092706,up,200,0.081796
2026-07-01T09:36:06Z,up,200,0.107020,up,200,0.122090,up,200,0.652356,up,200,0.102682,up,200,0.124279
2026-07-01T10:00:27Z,up,200,0.083571,up,200,0.086120,up,200,0.503039,up,200,0.073314,up,200,0.064875
2026-07-01T10:30:28Z,up,200,0.158295,up,200,0.123739,up,200,0.652657,up,200,0.113077,up,200,0.111662
2026-07-01T11:00:28Z,up,200,0.085712,up,200,0.069901,up,200,0.558360,up,200,0.067269,up,200,0.062034
2026-07-01T11:30:27Z,up,200,0.081347,up,200,0.071910,up,200,0.538370,up,200,0.068843,up,200,0.069903
2026-07-01T12:00:27Z,up,200,0.114944,up,200,0.081465,up,200,0.532312,up,200,0.126952,up,200,0.106635
2026-07-01T12:30:14Z,up,200,0.102338,up,200,0.081321,up,200,0.402669,up,200,0.070575,up,200,0.075865
2026-07-01T12:30:28Z,up,200,0.130804,up,200,0.081375,up,200,0.566562,up,200,0.114338,up,200,0.096146
2026-07-01T13:00:26Z,up,200,0.080540,up,200,0.074368,up,200,0.502698,up,200,0.082569,up,200,0.067078
2026-07-01T13:30:27Z,up,200,0.100255,up,200,0.084561,up,200,0.529026,up,200,0.107396,up,200,0.075718
2026-07-01T14:00:30Z,up,200,0.113894,up,200,0.104928,up,200,0.652350,up,200,0.121232,up,200,0.120529
2026-07-01T14:30:30Z,up,200,0.077865,up,200,0.070533,up,200,0.569998,up,200,0.075169,up,200,0.066187
2026-07-01T15:00:30Z,up,200,0.083928,up,200,0.161981,up,200,0.694909,up,200,0.068921,up,200,0.069744
2026-07-01T15:30:28Z,up,200,0.070499,up,200,0.069386,up,200,0.708319,up,200,0.079485,up,200,0.097825
2026-07-01T15:37:32Z,up,200,0.089863,up,200,0.076542,up,200,0.400251,up,200,0.108773,up,200,0.082384
2026-07-01T16:00:34Z,up,200,0.169011,up,200,0.069899,up,200,0.264403,up,200,0.092262,up,200,0.077325
2026-07-01T16:30:30Z,up,200,0.157294,up,200,0.160438,up,200,0.683389,up,200,0.152124,up,200,0.156809
2026-07-01T17:00:30Z,up,200,0.147687,up,200,0.215933,up,200,0.315608,up,200,0.153640,up,200,0.123148
2026-07-01T17:30:28Z,up,200,0.133751,up,200,0.129111,up,200,0.697298,up,200,0.342229,up,200,0.119123
2026-07-01T17:49:42Z,up,200,0.082450,up,200,0.131424,up,200,0.531657,up,200,0.078085,up,200,0.087658
2026-07-01T18:00:26Z,up,200,0.337107,up,200,0.090024,up,200,0.236392,up,200,0.096518,up,200,0.066322
2026-07-01T18:30:29Z,up,200,0.114908,up,200,0.086540,up,200,0.576830,up,200,0.086902,up,200,0.089547
2026-07-01T19:00:29Z,up,200,0.083716,up,200,0.077521,up,200,0.567476,up,200,0.079156,up,200,0.098957
2026-07-01T19:30:28Z,up,200,0.071236,up,200,0.080790,up,200,0.699063,up,200,0.087144,up,200,0.070998
2026-07-01T19:45:10Z,up,200,0.085605,up,200,0.083028,up,200,0.405401,up,200,0.085006,up,200,0.201676
2026-07-01T20:00:29Z,up,200,0.155672,up,200,0.157697,up,200,0.314374,up,200,0.195585,up,200,0.135753
2026-07-01T20:30:28Z,up,200,0.139005,up,200,0.169630,up,200,0.721907,up,200,0.215504,up,200,0.131758
2026-07-01T21:00:29Z,up,200,0.071171,up,200,0.097629,up,200,0.587909,up,200,0.080722,up,200,0.078731
2026-07-01T21:22:26Z,up,200,0.081186,up,200,0.120061,up,200,0.690249,up,200,0.076128,up,200,0.082747
2026-07-01T21:30:27Z,up,200,0.078285,up,200,0.069925,up,200,1.053255,up,200,0.105410,up,200,0.077036
2026-07-01T22:00:29Z,up,200,0.148332,up,200,0.211818,up,200,1.016157,up,200,0.199942,up,200,0.130407
2026-07-01T22:30:28Z,up,200,0.103402,up,200,0.061460,up,200,0.670989,up,200,0.081793,up,200,0.065915
2026-07-01T23:00:27Z,up,200,0.062469,up,200,0.095352,up,200,0.577270,up,200,0.080183,up,200,0.086562
2026-07-01T23:08:02Z,up,200,0.118175,up,200,0.113923,up,200,0.661024,up,200,0.157053,up,200,0.112388
2026-07-01T23:30:27Z,up,200,0.085579,up,200,0.113001,up,200,0.552484,up,200,0.243166,up,200,0.094983
2026-07-02T00:00:27Z,up,200,0.096800,up,200,0.069912,up,200,0.688846,up,200,0.096631,up,200,0.062035
2026-07-02T00:30:25Z,up,200,0.079663,up,200,0.072244,up,200,0.394782,up,200,0.079040,up,200,0.074799
2026-07-02T01:00:28Z,up,200,0.128312,up,200,0.151433,up,200,0.668012,up,200,0.125852,up,200,0.126209
2026-07-02T01:30:26Z,up,200,0.087500,up,200,0.111844,up,200,0.248447,up,200,0.125352,up,200,0.144365
2026-07-02T02:00:31Z,up,200,0.140538,up,200,0.218947,up,200,0.886542,up,200,0.166252,up,200,0.145288
2026-07-02T02:30:28Z,up,200,0.103497,up,200,0.068673,up,200,0.693524,up,200,0.071536,up,200,0.069735
2026-07-02T02:43:23Z,up,200,0.068612,up,200,0.090561,up,200,0.207674,up,200,0.078108,up,200,0.068324
2026-07-02T03:00:27Z,up,200,0.261684,up,200,0.115645,up,200,0.271451,up,200,0.111014,up,200,0.107686
2026-07-02T03:30:28Z,up,200,0.084232,up,200,0.072505,up,200,0.584718,up,200,0.076770,up,200,0.095300
2026-07-02T04:00:27Z,up,200,0.074858,up,200,0.066140,up,200,0.690278,up,200,0.072015,up,200,0.092170
2026-07-02T04:30:25Z,up,200,0.062795,up,200,0.063332,up,200,0.385212,up,200,0.069070,up,200,0.066816
2026-07-02T05:00:26Z,up,200,0.074777,up,200,0.073077,up,200,0.540832,up,200,0.076170,up,200,0.066046
2026-07-02T05:30:27Z,up,200,0.062359,up,200,0.070740,up,200,0.401279,up,200,0.093368,up,200,0.067189
2026-07-02T06:00:28Z,up,200,0.078556,up,200,0.085041,up,200,0.686613,up,200,0.075028,up,200,0.068994
2026-07-02T06:30:25Z,up,200,0.070529,up,200,0.094328,up,200,0.426995,up,200,0.087350,up,200,0.067692
2026-07-02T06:35:47Z,up,200,0.089403,up,200,0.066890,up,200,0.708248,up,200,0.068890,up,200,0.062863
2026-07-02T07:00:28Z,up,200,0.074310,up,200,0.096490,up,200,0.694332,up,200,0.089601,up,200,0.103116
2026-07-02T07:30:27Z,up,200,0.087392,up,200,0.084880,up,200,0.642530,up,200,0.102421,up,200,0.101735
2026-07-02T08:00:27Z,up,200,0.066801,up,200,0.072612,up,200,0.450957,up,200,0.077496,up,200,0.077334
2026-07-02T08:30:28Z,up,200,0.064576,up,200,0.066120,up,200,0.654312,up,200,0.092657,up,200,0.067057
2026-07-02T09:00:29Z,up,200,0.068675,up,200,0.066993,up,200,1.803370,up,200,0.061986,up,200,0.068222
2026-07-02T09:30:31Z,up,200,0.104092,up,200,0.413427,up,200,0.727105,up,200,0.107671,up,200,0.149433
2026-07-02T09:56:45Z,up,200,0.073481,up,200,0.069813,up,200,0.435177,up,200,0.080107,up,200,0.071021
2026-07-02T10:00:26Z,up,200,0.082831,up,200,0.092803,up,200,0.411625,up,200,0.090590,up,200,0.073733
2026-07-02T10:30:27Z,up,200,0.072584,up,200,0.059358,up,200,0.286092,up,200,0.077690,up,200,0.060472
2026-07-02T11:00:30Z,up,200,0.090682,up,200,0.089248,up,200,0.686269,up,200,0.094842,up,200,0.102483
2026-07-02T11:30:28Z,up,200,0.122653,up,200,0.095507,up,200,0.639443,up,200,0.107193,up,200,0.109087
2026-07-02T12:00:26Z,up,200,0.086862,up,200,0.124338,up,200,0.508656,up,200,0.088366,up,200,0.117406
2026-07-02T12:08:21Z,up,200,0.092551,up,200,0.084843,up,200,0.612115,up,200,0.074271,up,200,0.064105
2026-07-02T12:30:26Z,up,200,0.078296,up,200,0.083697,up,200,0.429115,up,200,0.069771,up,200,0.070610
2026-07-02T13:00:32Z,up,200,0.095454,up,200,0.080002,up,200,0.502976,up,200,0.086620,up,200,0.077793
2026-07-02T13:30:27Z,up,200,0.101278,up,200,0.070594,up,200,0.410799,up,200,0.085295,up,200,0.065462
2026-07-02T14:00:27Z,up,200,0.173945,up,200,0.072611,up,200,0.547909,up,200,0.094862,up,200,0.098411
2026-07-02T14:30:31Z,up,200,0.086052,up,200,0.098670,up,200,0.521074,up,200,0.086325,up,200,0.103663
2026-07-02T15:00:30Z,up,200,0.082827,up,200,0.069861,up,200,0.698693,up,200,0.075951,up,200,0.080865
2026-07-02T15:10:15Z,up,200,0.097635,up,200,0.116767,up,200,0.405879,up,200,0.080639,up,200,0.093883
2026-07-02T15:30:31Z,up,200,0.123643,up,200,0.179008,up,200,0.759266,up,200,0.141306,up,200,0.156662
2026-07-02T16:00:29Z,up,200,0.093192,up,200,0.112171,up,200,0.407141,up,200,0.091667,up,200,0.105953
2026-07-02T16:30:29Z,up,200,0.152105,up,200,0.164145,up,200,0.742710,up,200,0.134301,up,200,0.128985
2026-07-02T17:00:28Z,up,200,0.085960,up,200,0.081592,up,200,0.455132,up,200,0.079807,up,200,0.074680
2026-07-02T17:31:02Z,up,200,0.086843,up,200,0.127881,up,200,0.444640,up,200,0.113615,up,200,0.107126
2026-07-02T17:40:27Z,up,200,0.086295,up,200,0.094734,up,200,0.403241,up,200,0.160794,up,200,0.087595
2026-07-02T18:00:41Z,up,200,0.070787,up,200,0.084899,up,200,0.224344,up,200,0.083246,up,200,0.107523
2026-07-02T18:30:41Z,up,200,0.081673,up,200,0.082172,up,200,0.430899,up,200,0.090522,up,200,0.073619
2026-07-02T19:00:43Z,up,200,0.075310,up,200,0.085086,up,200,0.575338,up,200,0.094428,up,200,0.090332
2026-07-02T19:16:03Z,up,200,0.103073,up,200,0.079504,up,200,0.598186,up,200,0.072408,up,200,0.080546
2026-07-02T19:30:42Z,up,200,0.073917,up,200,0.084331,up,200,0.588036,up,200,0.098827,up,200,0.079827
2026-07-02T20:00:43Z,up,200,0.161999,up,200,0.175844,up,200,0.641164,up,200,0.166428,up,200,0.148534
2026-07-02T20:30:41Z,up,200,0.123812,up,200,0.095191,up,200,0.481602,up,200,0.079746,up,200,0.100220
2026-07-02T20:58:14Z,up,200,0.071949,up,200,0.064201,up,200,0.260485,up,200,0.084286,up,200,0.090385
2026-07-02T21:00:41Z,up,200,0.125404,up,200,0.105493,up,200,0.520633,up,200,0.097869,up,200,0.088116
2026-07-02T21:30:42Z,up,200,0.097825,up,200,0.240375,up,200,0.264051,up,200,0.077182,up,200,0.078989
2026-07-02T22:00:42Z,up,200,0.106059,up,200,0.149227,up,200,0.449338,up,200,0.178605,up,200,0.127164
2026-07-02T22:09:37Z,up,200,0.141964,up,200,0.113730,up,200,0.559627,up,200,0.107324,up,200,0.121685
2026-07-02T22:30:41Z,up,200,0.128197,up,200,0.088619,up,200,0.403567,up,200,0.103732,up,200,0.141026
2026-07-02T23:00:42Z,up,200,0.082353,up,200,0.082213,up,200,0.578820,up,200,0.074453,up,200,0.078861
2026-07-02T23:30:44Z,up,200,0.135375,up,200,0.132232,up,200,0.323200,up,200,0.138568,up,200,0.188617
2026-07-03T00:00:18Z,up,200,0.123039,up,200,0.088684,up,200,0.295972,up,200,0.097508,up,200,0.099727
2026-07-03T00:00:42Z,up,200,0.144173,up,200,0.142567,up,200,0.616858,up,200,0.149829,up,200,0.166122
2026-07-03T00:30:44Z,up,200,0.126121,up,200,0.223614,up,200,0.747001,up,200,0.303970,up,200,0.161628
2026-07-03T01:00:43Z,up,200,0.110536,up,200,0.092012,up,200,0.690767,up,200,0.068671,up,200,0.083901
2026-07-03T01:30:42Z,up,200,0.079385,up,200,0.100323,up,200,0.679369,up,200,0.095392,up,200,0.065537
2026-07-03T02:00:39Z,up,200,0.076096,up,200,0.065396,up,200,0.417812,up,200,0.086334,up,200,0.071102
2026-07-03T02:30:43Z,up,200,0.243131,up,200,0.149250,up,200,0.633847,up,200,0.160710,up,200,0.123016
2026-07-03T03:00:40Z,up,200,0.069566,up,200,0.068190,up,200,0.511531,up,200,0.164322,up,200,0.111368
2026-07-03T03:30:41Z,up,200,0.156039,up,200,0.131307,up,200,0.448090,up,200,0.125626,up,200,0.112491
2026-07-03T04:00:40Z,up,200,0.075670,up,200,0.081779,up,200,0.404348,up,200,0.099406,up,200,0.087902
2026-07-03T04:30:39Z,up,200,0.073911,up,200,0.132880,up,200,0.513386,up,200,0.088998,up,200,0.079525
2026-07-03T04:37:30Z,up,200,0.069119,up,200,0.064857,up,200,0.584803,up,200,0.119606,up,200,0.075749
2026-07-03T05:00:44Z,up,200,0.115322,up,200,0.216595,up,200,0.407614,up,200,0.135757,up,200,0.308285
2026-07-03T05:30:39Z,up,200,0.074121,up,200,0.098751,up,200,0.216922,up,200,0.079493,up,200,0.094771
2026-07-03T06:00:40Z,up,200,0.087532,up,200,0.083961,up,200,0.506945,up,200,0.112794,up,200,0.074582
2026-07-03T06:30:42Z,up,200,0.087398,up,200,0.067465,up,200,0.589213,up,200,0.076217,up,200,0.078986
2026-07-03T07:00:42Z,up,200,0.092599,up,200,0.093181,up,200,0.676420,up,200,0.074282,up,200,0.094164
2026-07-03T07:30:40Z,up,200,0.070567,up,200,0.065397,up,200,0.513079,up,200,0.076491,up,200,0.072745
2026-07-03T07:57:32Z,up,200,0.063395,up,200,0.055619,up,200,0.256581,up,200,0.084219,up,200,0.060452
2026-07-03T08:00:42Z,up,200,0.088986,up,200,0.063246,up,200,0.683274,up,200,0.102813,up,200,0.078233
2026-07-03T08:30:42Z,up,200,0.065788,up,200,0.084599,up,200,0.635486,up,200,0.072521,up,200,0.075144
2026-07-03T09:00:40Z,up,200,0.060538,up,200,0.079445,up,200,0.213439,up,200,0.078454,up,200,0.065727
2026-07-03T09:30:40Z,up,200,0.111556,up,200,0.078216,up,200,0.508416,up,200,0.081128,up,200,0.060808
2026-07-03T10:00:42Z,up,200,0.090937,up,200,0.064522,up,200,0.263348,up,200,0.073460,up,200,0.062913
2026-07-03T10:30:41Z,up,200,0.071669,up,200,0.086960,up,200,0.260609,up,200,0.081497,up,200,0.071612
2026-07-03T10:36:24Z,up,200,0.068938,up,200,0.059903,up,200,0.518403,up,200,0.083632,up,200,0.058136
2026-07-03T11:00:43Z,up,200,0.073747,up,200,0.066273,up,200,0.691727,up,200,0.076537,up,200,0.080117
2026-07-03T11:30:40Z,up,200,0.091313,up,200,0.075959,up,200,0.517107,up,200,0.130275,up,200,0.081531
2026-07-03T12:00:43Z,up,200,0.068042,up,200,0.068221,up,200,0.693108,up,200,0.084859,up,200,0.077675
2026-07-03T12:30:43Z,up,200,0.090973,up,200,0.089726,up,200,0.687806,up,200,0.067647,up,200,0.059430
2026-07-03T12:52:37Z,up,200,0.067495,up,200,0.066449,up,200,0.573007,up,200,0.062216,up,200,0.057898
2026-07-03T13:00:43Z,up,200,0.073723,up,200,0.071170,up,200,0.695041,up,200,0.071496,up,200,0.062278
2026-07-03T13:30:40Z,up,200,0.133215,up,200,0.071540,up,200,0.200170,up,200,0.116732,up,200,0.079826
2026-07-03T14:00:42Z,up,200,0.071699,up,200,0.079160,up,200,0.720656,up,200,0.090852,up,200,0.115621
2026-07-03T14:30:40Z,up,200,0.079224,up,200,0.088683,up,200,0.525794,up,200,0.085151,up,200,0.113642
2026-07-03T15:00:42Z,up,200,0.063278,up,200,0.077286,up,200,0.677477,up,200,0.080025,up,200,0.059418
2026-07-03T15:05:33Z,up,200,0.105175,up,200,0.088017,up,200,0.905228,up,200,0.130704,up,200,0.108143
2026-07-03T15:30:43Z,up,200,0.130565,up,200,0.132411,up,200,0.675792,up,200,0.103299,up,200,0.111627
2026-07-03T16:00:43Z,up,200,0.067603,up,200,0.068664,up,200,0.574920,up,200,0.063677,up,200,0.067716
2026-07-03T16:30:40Z,up,200,0.071953,up,200,0.064217,up,200,0.501143,up,200,0.078954,up,200,0.102521
2026-07-03T17:00:41Z,up,200,0.105066,up,200,0.117277,up,200,0.423767,up,200,0.139870,up,200,0.080815
2026-07-03T17:18:44Z,up,200,0.119592,up,200,0.071534,up,200,0.425672,up,200,0.154122,up,200,0.082179
2026-07-03T17:30:43Z,up,200,0.258392,up,200,0.122583,up,200,0.739463,up,200,0.210192,up,200,0.108895
2026-07-03T18:00:41Z,up,200,0.098426,up,200,0.082001,up,200,0.418682,up,200,0.148914,up,200,0.096913
2026-07-03T18:30:40Z,up,200,0.088831,up,200,0.077500,up,200,0.399378,up,200,0.092803,up,200,0.086468
2026-07-03T19:00:40Z,up,200,0.083197,up,200,0.085754,up,200,0.506648,up,200,0.109982,up,200,0.073183
2026-07-03T19:10:31Z,up,200,0.462468,up,200,0.161121,up,200,0.580953,up,200,0.124965,up,200,0.111253
2026-07-03T19:30:41Z,up,200,0.084929,up,200,0.076383,up,200,0.448975,up,200,0.119669,up,200,0.067055
2026-07-03T20:00:40Z,up,200,0.089212,up,200,0.080676,up,200,0.522034,up,200,0.091333,up,200,0.089914
2026-07-03T20:30:40Z,up,200,0.109215,up,200,0.067793,up,200,0.410532,up,200,0.085869,up,200,0.072141
2026-07-03T20:57:36Z,up,200,0.091651,up,200,0.063805,up,200,0.514247,up,200,0.098718,up,200,0.068916
2026-07-03T21:00:40Z,up,200,0.128237,up,200,0.100602,up,200,0.400505,up,200,0.092871,up,200,0.082604
2026-07-03T21:30:43Z,up,200,0.140789,up,200,0.126633,up,200,0.567272,up,200,0.283558,up,200,0.135075
2026-07-03T22:00:40Z,up,200,0.146655,up,200,0.090144,up,200,0.212404,up,200,0.124608,up,200,0.078420
2026-07-03T22:05:07Z,up,200,0.072254,up,200,0.065748,up,200,0.215976,up,200,0.080204,up,200,0.130611
2026-07-03T22:30:42Z,up,200,0.116729,up,200,0.089148,up,200,0.638754,up,200,0.083433,up,200,0.099788
2026-07-03T23:01:01Z,up,200,0.083150,up,200,0.068501,up,200,0.523424,up,200,0.086806,up,200,0.072066
2026-07-03T23:31:03Z,up,200,0.114703,up,200,0.126331,up,200,0.646757,up,200,0.118273,up,200,0.126214
2026-07-03T23:59:28Z,up,200,0.103778,up,200,0.062133,up,200,0.258287,up,200,0.066433,up,200,0.073126
2026-07-04T00:01:00Z,up,200,0.077392,up,200,0.098693,up,200,0.217681,up,200,0.120585,up,200,0.082410
2026-07-04T00:31:04Z,up,200,0.101251,up,200,0.109596,up,200,0.299630,up,200,0.621431,up,200,0.110652
2026-07-04T01:01:02Z,up,200,0.074347,up,200,0.072550,up,200,0.685400,up,200,0.070838,up,200,0.061343
2026-07-04T01:31:01Z,up,200,0.076816,up,200,0.069538,up,200,0.437526,up,200,0.089720,up,200,0.062634
2026-07-04T02:01:04Z,up,200,0.130718,up,200,0.146330,up,200,0.656714,up,200,0.116645,up,200,0.105513
2026-07-04T02:31:02Z,up,200,0.069535,up,200,0.085706,up,200,0.583102,up,200,0.075442,up,200,0.066976
2026-07-04T03:01:03Z,up,200,0.129956,up,200,0.128095,up,200,0.568274,up,200,0.147019,up,200,0.137034
2026-07-04T03:31:01Z,up,200,0.100662,up,200,0.067834,up,200,0.517609,up,200,0.080417,up,200,0.068874
2026-07-04T03:41:50Z,up,200,0.064350,up,200,0.058667,up,200,0.256057,up,200,0.078371,up,200,0.085518
2026-07-04T04:01:03Z,up,200,0.095645,up,200,0.092149,up,200,0.628452,up,200,0.084937,up,200,0.076634
2026-07-04T04:31:01Z,up,200,0.078375,up,200,0.079968,up,200,0.508199,up,200,0.085309,up,200,0.087109
2026-07-04T05:01:01Z,up,200,0.080951,up,200,0.125216,up,200,0.516970,up,200,0.076983,up,200,0.070388
2026-07-04T05:31:03Z,up,200,0.140291,up,200,0.112340,up,200,0.669785,up,200,0.125154,up,200,0.133784
2026-07-04T06:01:01Z,up,200,0.068963,up,200,0.071080,up,200,0.407162,up,200,0.068164,up,200,0.066072
2026-07-04T06:31:02Z,up,200,0.067836,up,200,0.101614,up,200,0.425738,up,200,0.060694,up,200,0.079900
2026-07-04T06:42:46Z,up,200,0.064873,up,200,0.063615,up,200,0.563845,up,200,0.066434,up,200,0.066434
2026-07-04T07:01:03Z,up,200,0.065758,up,200,0.071745,up,200,0.692345,up,200,0.070942,up,200,0.068954
2026-07-04T07:31:03Z,up,200,0.103018,up,200,0.112067,up,200,0.577665,up,200,0.123935,up,200,0.086381
2026-07-04T08:01:01Z,up,200,0.080136,up,200,0.079794,up,200,0.501859,up,200,0.093242,up,200,0.066720
2026-07-04T08:31:01Z,up,200,0.101919,up,200,0.070395,up,200,0.429614,up,200,0.078125,up,200,0.069776
2026-07-04T09:01:02Z,up,200,0.114103,up,200,0.122544,up,200,0.561541,up,200,0.098195,up,200,0.121646
2026-07-04T09:18:16Z,up,200,0.066743,up,200,0.062287,up,200,0.568028,up,200,0.064277,up,200,0.060870
2026-07-04T09:31:00Z,up,200,0.071029,up,200,0.074500,up,200,0.397674,up,200,0.122334,up,200,0.084630
2026-07-04T10:01:01Z,up,200,0.064357,up,200,0.066385,up,200,0.506584,up,200,0.083654,up,200,0.061830
2026-07-04T10:31:04Z,up,200,0.090313,up,200,0.080499,up,200,0.729715,up,200,0.090173,up,200,0.107498
2026-07-04T11:01:03Z,up,200,0.086028,up,200,0.106738,up,200,0.715294,up,200,0.092127,up,200,0.082178
2026-07-04T11:22:02Z,up,200,0.079999,up,200,0.090979,up,200,0.567117,up,200,0.088709,up,200,0.075585
2026-07-04T11:31:02Z,up,200,0.131730,up,200,0.099301,up,200,0.555550,up,200,0.116147,up,200,0.131034
2026-07-04T12:01:04Z,up,200,0.072252,up,200,0.073947,up,200,0.573599,up,200,0.068689,up,200,0.060347
2026-07-04T12:31:01Z,up,200,0.093017,up,200,0.066049,up,200,0.538247,up,200,0.083858,up,200,0.069240
2026-07-04T13:01:04Z,up,200,0.059868,up,200,0.061769,up,200,0.575147,up,200,0.044553,up,200,0.062104
2026-07-04T13:10:50Z,up,200,0.067664,up,200,0.067825,up,200,0.582123,up,200,0.068620,up,200,0.062225
2026-07-04T13:31:03Z,up,200,0.064141,up,200,0.075284,up,200,0.571617,up,200,0.094016,up,200,0.063539
2026-07-04T14:01:03Z,up,200,0.060915,up,200,0.061064,up,200,0.681166,up,200,0.065639,up,200,0.069020
2026-07-04T14:31:04Z,up,200,0.067957,up,200,0.075201,up,200,0.707250,up,200,0.066826,up,200,0.058787
2026-07-04T15:01:05Z,up,200,0.069007,up,200,0.082390,up,200,0.679817,up,200,0.070335,up,200,0.065499
2026-07-04T15:31:02Z,up,200,0.121623,up,200,0.108757,up,200,0.550498,up,200,0.108081,up,200,0.135487
2026-07-04T16:01:02Z,up,200,0.080433,up,200,0.098856,up,200,0.396007,up,200,0.064698,up,200,0.093147
2026-07-04T16:31:02Z,up,200,0.082863,up,200,0.080811,up,200,0.536929,up,200,0.077664,up,200,0.114361
2026-07-04T16:58:35Z,up,200,0.169706,up,200,0.137299,up,200,0.733572,up,200,0.112890,up,200,0.103796
2026-07-04T17:01:00Z,up,200,0.091641,up,200,0.073396,up,200,0.408239,up,200,0.092880,up,200,0.097535
2026-07-04T17:31:01Z,up,200,0.118335,up,200,0.082282,up,200,0.498423,up,200,0.081867,up,200,0.101585
2026-07-04T18:01:02Z,up,200,0.080040,up,200,0.082262,up,200,0.545075,up,200,0.097140,up,200,0.071237
2026-07-04T18:04:27Z,up,200,0.066091,up,200,0.061149,up,200,0.428967,up,200,0.092435,up,200,0.072313
2026-07-04T18:31:01Z,up,200,0.084775,up,200,0.100262,up,200,0.521651,up,200,0.081397,up,200,0.107805
2026-07-04T19:01:01Z,up,200,0.133012,up,200,0.094359,up,200,0.510788,up,200,0.085140,up,200,0.095257
2026-07-04T19:31:02Z,up,200,0.106608,up,200,0.108189,up,200,0.555129,up,200,0.104603,up,200,0.105732
2026-07-04T20:01:02Z,up,200,0.103644,up,200,0.065791,up,200,0.575308,up,200,0.072722,up,200,0.064212
2026-07-04T20:05:59Z,up,200,0.097587,up,200,0.076203,up,200,0.418222,up,200,0.088924,up,200,0.109803
2026-07-04T20:31:03Z,up,200,0.106301,up,200,0.064563,up,200,0.684573,up,200,0.083196,up,200,0.092625
2026-07-04T21:01:04Z,up,200,0.120949,up,200,0.119614,up,200,0.554779,up,200,0.142576,up,200,0.106805
2026-07-04T21:31:02Z,up,200,0.113896,up,200,0.090541,up,200,0.450124,up,200,0.146869,up,200,0.086444
2026-07-04T21:53:09Z,up,200,0.108126,up,200,0.073371,up,200,0.397786,up,200,0.080711,up,200,0.090552
2026-07-04T22:01:00Z,up,200,0.081495,up,200,0.076428,up,200,0.209789,up,200,0.093753,up,200,0.085094
2026-07-04T22:31:03Z,up,200,0.062051,up,200,0.083045,up,200,0.573434,up,200,0.094779,up,200,0.064994
2026-07-04T22:52:42Z,up,200,0.094668,up,200,0.071488,up,200,0.674706,up,200,0.066074,up,200,0.066500
2026-07-04T23:01:03Z,up,200,0.217461,up,200,0.118853,up,200,0.524855,up,200,0.238543,up,200,0.123948
2026-07-04T23:31:00Z,up,200,0.066166,up,200,0.062282,up,200,0.394757,up,200,0.078602,up,200,0.067813
2026-07-04T23:56:43Z,up,200,0.069585,up,200,0.079730,up,200,0.531836,up,200,0.061410,up,200,0.067445
2026-07-05T00:01:02Z,up,200,0.063390,up,200,0.067087,up,200,0.679882,up,200,0.071279,up,200,0.057346
2026-07-05T00:31:02Z,up,200,0.115113,up,200,0.146784,up,200,0.563342,up,200,0.096045,up,200,0.112365
2026-07-05T01:01:01Z,up,200,0.078555,up,200,0.071577,up,200,0.515705,up,200,0.106811,up,200,0.085134
2026-07-05T01:31:04Z,up,200,0.069764,up,200,0.060391,up,200,0.574091,up,200,0.083154,up,200,0.068357
2026-07-05T02:01:00Z,up,200,0.069699,up,200,0.074711,up,200,0.407425,up,200,0.079644,up,200,0.074373
2026-07-05T02:31:01Z,up,200,0.076586,up,200,0.069800,up,200,0.542175,up,200,0.072724,up,200,0.079827
2026-07-05T02:57:16Z,up,200,0.088425,up,200,0.099008,up,200,0.493247,up,200,0.067839,up,200,0.064454
2026-07-05T03:01:01Z,up,200,0.080362,up,200,0.071065,up,200,0.429993,up,200,0.076167,up,200,0.083516
2026-07-05T03:31:01Z,up,200,0.072766,up,200,0.067960,up,200,0.519980,up,200,0.070887,up,200,0.063457
2026-07-05T04:01:00Z,up,200,0.070147,up,200,0.080950,up,200,0.500674,up,200,0.068064,up,200,0.094903
2026-07-05T04:31:00Z,up,200,0.064753,up,200,0.066022,up,200,0.502614,up,200,0.068960,up,200,0.070814
2026-07-05T05:01:03Z,up,200,0.078137,up,200,0.068089,up,200,0.686385,up,200,0.075783,up,200,0.063096
2026-07-05T05:31:02Z,up,200,0.076406,up,200,0.067248,up,200,0.534319,up,200,0.081659,up,200,0.067768
2026-07-05T06:01:04Z,up,200,0.162675,up,200,0.121876,up,200,0.576259,up,200,0.185184,up,200,0.122693
2026-07-05T06:31:01Z,up,200,0.095913,up,200,0.083384,up,200,0.397947,up,200,0.108460,up,200,0.061368
2026-07-05T06:41:00Z,up,200,0.099627,up,200,0.129454,up,200,0.527293,up,200,0.212919,up,200,0.106645
2026-07-05T07:01:02Z,up,200,0.109305,up,200,0.096405,up,200,0.714431,up,200,0.107326,up,200,0.088460
2026-07-05T07:31:02Z,up,200,0.065010,up,200,0.063981,up,200,0.430283,up,200,0.072194,up,200,0.064919
2026-07-05T08:01:00Z,up,200,0.076730,up,200,0.068028,up,200,0.420734,up,200,0.091781,up,200,0.064490
2026-07-05T08:31:04Z,up,200,0.107916,up,200,0.136300,up,200,0.641215,up,200,0.215813,up,200,0.097981
2026-07-05T09:01:01Z,up,200,0.063479,up,200,0.062647,up,200,0.502185,up,200,0.063973,up,200,0.061210
2026-07-05T09:31:01Z,up,200,0.064938,up,200,0.061177,up,200,0.422765,up,200,0.064664,up,200,0.057399
2026-07-05T09:38:37Z,up,200,0.094132,up,200,0.068920,up,200,0.418688,up,200,0.070182,up,200,0.061375
2026-07-05T10:01:01Z,up,200,0.074145,up,200,0.071602,up,200,0.397892,up,200,0.064687,up,200,0.071369
2026-07-05T10:31:03Z,up,200,0.113549,up,200,0.111079,up,200,0.652204,up,200,0.120038,up,200,0.105097
2026-07-05T11:01:03Z,up,200,0.067234,up,200,0.062081,up,200,0.257875,up,200,0.074288,up,200,0.066101
2026-07-05T11:26:07Z,up,200,0.085222,up,200,0.076542,up,200,0.402620,up,200,0.064333,up,200,0.063282
2026-07-05T11:31:01Z,up,200,0.090694,up,200,0.069358,up,200,0.501991,up,200,0.071289,up,200,0.078839
2026-07-05T12:01:03Z,up,200,0.087213,up,200,0.058985,up,200,0.575413,up,200,0.066076,up,200,0.070646
2026-07-05T12:31:01Z,up,200,0.069456,up,200,0.067221,up,200,0.507387,up,200,0.072512,up,200,0.064180
2026-07-05T13:01:00Z,up,200,0.068895,up,200,0.057171,up,200,0.406542,up,200,0.071717,up,200,0.063450
2026-07-05T13:19:18Z,up,200,0.065304,up,200,0.065183,up,200,0.401186,up,200,0.068136,up,200,0.078650
2026-07-05T13:31:02Z,up,200,0.059583,up,200,0.064495,up,200,0.570668,up,200,0.066764,up,200,0.064285
2026-07-05T14:01:00Z,up,200,0.080263,up,200,0.079491,up,200,0.417915,up,200,0.078528,up,200,0.078355
2026-07-05T14:31:00Z,up,200,0.076728,up,200,0.089505,up,200,0.400763,up,200,0.070332,up,200,0.080315
2026-07-05T15:01:01Z,up,200,0.067319,up,200,0.064211,up,200,0.539932,up,200,0.072614,up,200,0.073969
2026-07-05T15:09:12Z,up,200,0.083051,up,200,0.134668,up,200,0.392831,up,200,0.098300,up,200,0.081824
2026-07-05T15:31:00Z,up,200,0.069682,up,200,0.073969,up,200,0.527229,up,200,0.069059,up,200,0.096754
2026-07-05T16:01:04Z,up,200,0.158794,up,200,0.169083,up,200,0.714585,up,200,0.109087,up,200,0.150493
2026-07-05T16:31:02Z,up,200,0.076667,up,200,0.076652,up,200,0.578350,up,200,0.060533,up,200,0.064392
2026-07-05T17:01:04Z,up,200,0.073383,up,200,0.066857,up,200,0.700229,up,200,0.076891,up,200,0.067853
2026-07-05T17:02:33Z,up,200,0.091907,up,200,0.071280,up,200,0.529492,up,200,0.087501,up,200,0.068189
2026-07-05T17:31:01Z,up,200,0.090305,up,200,0.085234,up,200,0.516473,up,200,0.088051,up,200,0.093530
2026-07-05T18:01:01Z,up,200,0.079626,up,200,0.066631,up,200,0.547553,up,200,0.089244,up,200,0.074566
2026-07-05T18:31:04Z,up,200,0.121406,up,200,0.116132,up,200,0.585422,up,200,0.189153,up,200,0.111732
2026-07-05T19:01:00Z,up,200,0.069515,up,200,0.074518,up,200,0.414213,up,200,0.083848,up,200,0.079446
2026-07-05T19:07:45Z,up,200,0.065170,up,200,0.068266,up,200,0.577069,up,200,0.066763,up,200,0.062682
2026-07-05T19:31:00Z,up,200,0.092102,up,200,0.085071,up,200,0.506226,up,200,0.079937,up,200,0.097499
2026-07-05T20:01:01Z,up,200,0.070957,up,200,0.067562,up,200,0.437986,up,200,0.066043,up,200,0.068317
2026-07-05T20:31:00Z,up,200,0.088821,up,200,0.065686,up,200,0.401499,up,200,0.070041,up,200,0.063530
2026-07-05T20:52:08Z,up,200,0.064705,up,200,0.062991,up,200,0.681634,up,200,0.068029,up,200,0.065996
2026-07-05T21:01:01Z,up,200,0.074946,up,200,0.072985,up,200,0.430045,up,200,0.082703,up,200,0.085629
2026-07-05T21:31:04Z,up,200,0.151053,up,200,0.143010,up,200,0.645294,up,200,0.139396,up,200,0.120616
2026-07-05T21:56:15Z,up,200,0.079381,up,200,0.077844,up,200,0.532196,up,200,0.075007,up,200,0.096278
2026-07-05T22:01:01Z,up,200,0.099655,up,200,0.124463,up,200,0.412649,up,200,0.137990,up,200,0.157869
2026-07-05T22:31:02Z,up,200,0.077316,up,200,0.080704,up,200,0.426580,up,200,0.110045,up,200,0.076991
2026-07-05T22:59:07Z,up,200,0.087122,up,200,0.068585,up,200,0.266531,up,200,0.071781,up,200,0.087999
2026-07-05T23:01:03Z,up,200,0.084785,up,200,0.090280,up,200,0.570646,up,200,0.070253,up,200,0.100563
2026-07-05T23:31:02Z,up,200,0.064460,up,200,0.088289,up,200,0.432056,up,200,0.082817,up,200,0.071747
2026-07-06T00:01:03Z,up,200,0.113436,up,200,0.151885,up,200,0.452530,up,200,0.106509,up,200,0.092013
2026-07-06T00:11:57Z,up,200,0.145293,up,200,0.133549,up,200,0.277860,up,200,0.138341,up,200,0.131707
2026-07-06T00:31:01Z,up,200,0.076033,up,200,0.117305,up,200,0.513842,up,200,0.082558,up,200,0.092351
2026-07-06T01:01:06Z,up,200,0.132006,up,200,0.108097,up,200,0.546904,up,200,0.123534,up,200,0.126482
2026-07-06T01:31:03Z,up,200,0.080151,up,200,0.079264,up,200,0.436992,up,200,0.115507,up,200,0.086212
2026-07-06T02:01:03Z,up,200,0.066321,up,200,0.069557,up,200,0.687775,up,200,0.076664,up,200,0.065836
2026-07-06T02:31:01Z,up,200,0.088553,up,200,0.080014,up,200,0.504384,up,200,0.086521,up,200,0.078083
2026-07-06T03:01:04Z,up,200,0.070558,up,200,0.071683,up,200,0.688578,up,200,0.044441,up,200,0.064146
2026-07-06T03:31:00Z,up,200,0.089995,up,200,0.074240,up,200,0.383183,up,200,0.074837,up,200,0.098295
2026-07-06T04:01:04Z,up,200,0.096566,up,200,0.065432,up,200,0.686811,up,200,0.081852,up,200,0.073429
2026-07-06T04:31:01Z,up,200,0.063344,up,200,0.060978,up,200,0.420041,up,200,0.078914,up,200,0.056101
2026-07-06T05:01:00Z,up,200,0.076593,up,200,0.080074,up,200,0.523973,up,200,0.097887,up,200,0.081117
2026-07-06T05:05:56Z,up,200,0.082568,up,200,0.099829,up,200,0.496992,up,200,0.099442,up,200,0.062411
2026-07-06T05:31:01Z,up,200,0.078071,up,200,0.065038,up,200,0.432849,up,200,0.091329,up,200,0.068530
2026-07-06T06:01:01Z,up,200,0.064794,up,200,0.073691,up,200,0.426968,up,200,0.082080,up,200,0.086403
2026-07-06T06:31:00Z,up,200,0.069651,up,200,0.090717,up,200,0.495842,up,200,0.065838,up,200,0.078223
2026-07-06T07:01:01Z,up,200,0.083364,up,200,0.063787,up,200,0.500025,up,200,0.093344,up,200,0.079481
2026-07-06T07:31:04Z,up,200,0.105515,up,200,0.107611,up,200,0.278263,up,200,0.110991,up,200,0.095241
2026-07-06T08:01:01Z,up,200,0.064952,up,200,0.141115,up,200,0.387663,up,200,0.084696,up,200,0.073761
2026-07-06T08:31:01Z,up,200,0.077239,up,200,0.081648,up,200,0.389305,up,200,0.075954,up,200,0.065066
2026-07-06T09:01:02Z,up,200,0.074474,up,200,0.065284,up,200,0.399630,up,200,0.074381,up,200,0.061551
2026-07-06T09:31:01Z,up,200,0.065809,up,200,0.094576,up,200,0.509294,up,200,0.065797,up,200,0.066350
2026-07-06T10:01:04Z,up,200,0.064212,up,200,0.061977,up,200,0.258156,up,200,0.078917,up,200,0.066079
2026-07-06T10:06:00Z,up,200,0.070574,up,200,0.153936,up,200,0.577804,up,200,0.066946,up,200,0.058137
2026-07-06T10:31:03Z,up,200,0.102627,up,200,0.125050,up,200,0.302080,up,200,0.113217,up,200,0.124975
2026-07-06T11:01:04Z,up,200,0.120009,up,200,0.093348,up,200,0.737143,up,200,0.168335,up,200,0.082978
2026-07-06T11:31:02Z,up,200,0.067473,up,200,0.069042,up,200,0.610864,up,200,0.064453,up,200,0.062291
2026-07-06T12:01:04Z,up,200,0.066433,up,200,0.068831,up,200,0.504887,up,200,0.071483,up,200,0.076158
2026-07-06T12:31:02Z,up,200,0.074341,up,200,0.073575,up,200,0.492946,up,200,0.077569,up,200,0.076334
2026-07-06T13:01:03Z,up,200,0.101802,up,200,0.069587,up,200,0.690321,up,200,0.114824,up,200,0.062092
2026-07-06T13:31:03Z,up,200,0.103276,up,200,0.090753,up,200,0.507625,up,200,0.097235,up,200,0.074020
2026-07-06T14:01:43Z,up,200,0.086974,up,200,0.074683,up,200,0.487226,up,200,0.080130,up,200,0.083276
2026-07-06T14:21:31Z,up,200,0.119836,up,200,0.112526,up,200,0.444161,up,200,0.078688,up,200,0.131378
2026-07-06T14:31:02Z,up,200,0.159368,up,200,0.155739,up,200,0.490515,up,200,0.228476,up,200,0.134193
2026-07-06T15:01:03Z,up,200,0.089020,up,200,0.116961,up,200,0.546193,up,200,0.093361,up,200,0.072155
2026-07-06T15:31:03Z,up,200,0.093288,up,200,0.147006,up,200,0.651093,up,200,0.131745,up,200,0.102692
2026-07-06T16:01:03Z,up,200,0.106845,up,200,0.116658,up,200,0.509074,up,200,0.071804,up,200,0.082059
2026-07-06T16:31:04Z,up,200,0.103498,up,200,0.125778,up,200,0.515780,up,200,0.089160,up,200,0.107373
2026-07-06T17:01:04Z,up,200,0.100619,up,200,0.083771,up,200,0.701867,up,200,0.098658,up,200,0.074059
2026-07-06T17:31:01Z,up,200,0.141815,up,200,0.090873,up,200,0.521052,up,200,0.145534,up,200,0.089317
2026-07-06T17:38:21Z,up,200,0.081406,up,200,0.096534,up,200,0.538302,up,200,0.125953,up,200,0.110309
2026-07-06T18:01:02Z,up,200,0.076900,up,200,0.077891,up,200,0.511285,up,200,0.079087,up,200,0.083142
2026-07-06T18:31:04Z,up,200,0.072912,up,200,0.099959,up,200,0.609252,up,200,0.076366,up,200,0.083403
