2026-07-03T17:18:44Z,up,200,0.071534,up,200,0.154122,up,200,0.082179
2026-07-03T17:30:43Z,up,200,0.122583,up,200,0.210192,up,200,0.108895
2026-07-03T18:00:41Z,up,200,0.082001,up,200,0.148914,up,200,0.096913
2026-07-03T18:30:40Z,up,200,0.077500,up,200,0.092803,up,200,0.086468
2026-07-03T19:00:40Z,up,200,0.085754,up,200,0.109982,up,200,0.073183
2026-07-03T19:10:31Z,up,200,0.161121,up,200,0.124965,up,200,0.111253
2026-07-03T19:30:41Z,up,200,0.076383,up,200,0.119669,up,200,0.067055
2026-07-03T20:00:40Z,up,200,0.080676,up,200,0.091333,up,200,0.089914
2026-07-03T20:30:40Z,up,200,0.067793,up,200,0.085869,up,200,0.072141
2026-07-03T20:57:36Z,up,200,0.063805,up,200,0.098718,up,200,0.068916
2026-07-03T21:00:40Z,up,200,0.100602,up,200,0.092871,up,200,0.082604
2026-07-03T21:30:43Z,up,200,0.126633,up,200,0.283558,up,200,0.135075
2026-07-03T22:00:40Z,up,200,0.090144,up,200,0.124608,up,200,0.078420
2026-07-03T22:05:07Z,up,200,0.065748,up,200,0.080204,up,200,0.130611
2026-07-03T22:30:42Z,up,200,0.089148,up,200,0.083433,up,200,0.099788
2026-07-03T23:01:01Z,up,200,0.068501,up,200,0.086806,up,200,0.072066
2026-07-03T23:31:03Z,up,200,0.126331,up,200,0.118273,up,200,0.126214
2026-07-03T23:59:28Z,up,200,0.062133,up,200,0.066433,up,200,0.073126
2026-07-04T00:01:00Z,up,200,0.098693,up,200,0.120585,up,200,0.082410
2026-07-04T00:31:04Z,up,200,0.109596,up,200,0.621431,up,200,0.110652
2026-07-04T01:01:02Z,up,200,0.072550,up,200,0.070838,up,200,0.061343
2026-07-04T01:31:01Z,up,200,0.069538,up,200,0.089720,up,200,0.062634
2026-07-04T02:01:04Z,up,200,0.146330,up,200,0.116645,up,200,0.105513
2026-07-04T02:31:02Z,up,200,0.085706,up,200,0.075442,up,200,0.066976
2026-07-04T03:01:03Z,up,200,0.128095,up,200,0.147019,up,200,0.137034
2026-07-04T03:31:01Z,up,200,0.067834,up,200,0.080417,up,200,0.068874
2026-07-04T03:41:50Z,up,200,0.058667,up,200,0.078371,up,200,0.085518
2026-07-04T04:01:03Z,up,200,0.092149,up,200,0.084937,up,200,0.076634
2026-07-04T04:31:01Z,up,200,0.079968,up,200,0.085309,up,200,0.087109
2026-07-04T05:01:01Z,up,200,0.125216,up,200,0.076983,up,200,0.070388
2026-07-04T05:31:03Z,up,200,0.112340,up,200,0.125154,up,200,0.133784
2026-07-04T06:01:01Z,up,200,0.071080,up,200,0.068164,up,200,0.066072
2026-07-04T06:31:02Z,up,200,0.101614,up,200,0.060694,up,200,0.079900
2026-07-04T06:42:46Z,up,200,0.063615,up,200,0.066434,up,200,0.066434
2026-07-04T07:01:03Z,up,200,0.071745,up,200,0.070942,up,200,0.068954
2026-07-04T07:31:03Z,up,200,0.112067,up,200,0.123935,up,200,0.086381
2026-07-04T08:01:01Z,up,200,0.079794,up,200,0.093242,up,200,0.066720
2026-07-04T08:31:01Z,up,200,0.070395,up,200,0.078125,up,200,0.069776
2026-07-04T09:01:02Z,up,200,0.122544,up,200,0.098195,up,200,0.121646
2026-07-04T09:18:16Z,up,200,0.062287,up,200,0.064277,up,200,0.060870
2026-07-04T09:31:00Z,up,200,0.074500,up,200,0.122334,up,200,0.084630
2026-07-04T10:01:01Z,up,200,0.066385,up,200,0.083654,up,200,0.061830
2026-07-04T10:31:04Z,up,200,0.080499,up,200,0.090173,up,200,0.107498
2026-07-04T11:01:03Z,up,200,0.106738,up,200,0.092127,up,200,0.082178
2026-07-04T11:22:02Z,up,200,0.090979,up,200,0.088709,up,200,0.075585
2026-07-04T11:31:02Z,up,200,0.099301,up,200,0.116147,up,200,0.131034
2026-07-04T12:01:04Z,up,200,0.073947,up,200,0.068689,up,200,0.060347
2026-07-04T12:31:01Z,up,200,0.066049,up,200,0.083858,up,200,0.069240
2026-07-04T13:01:04Z,up,200,0.061769,up,200,0.044553,up,200,0.062104
2026-07-04T13:10:50Z,up,200,0.067825,up,200,0.068620,up,200,0.062225
2026-07-04T13:31:03Z,up,200,0.075284,up,200,0.094016,up,200,0.063539
2026-07-04T14:01:03Z,up,200,0.061064,up,200,0.065639,up,200,0.069020
2026-07-04T14:31:04Z,up,200,0.075201,up,200,0.066826,up,200,0.058787
2026-07-04T15:01:05Z,up,200,0.082390,up,200,0.070335,up,200,0.065499
2026-07-04T15:31:02Z,up,200,0.108757,up,200,0.108081,up,200,0.135487
2026-07-04T16:01:02Z,up,200,0.098856,up,200,0.064698,up,200,0.093147
2026-07-04T16:31:02Z,up,200,0.080811,up,200,0.077664,up,200,0.114361
2026-07-04T16:58:35Z,up,200,0.137299,up,200,0.112890,up,200,0.103796
2026-07-04T17:01:00Z,up,200,0.073396,up,200,0.092880,up,200,0.097535
2026-07-04T17:31:01Z,up,200,0.082282,up,200,0.081867,up,200,0.101585
2026-07-04T18:01:02Z,up,200,0.082262,up,200,0.097140,up,200,0.071237
2026-07-04T18:04:27Z,up,200,0.061149,up,200,0.092435,up,200,0.072313
2026-07-04T18:31:01Z,up,200,0.100262,up,200,0.081397,up,200,0.107805
2026-07-04T19:01:01Z,up,200,0.094359,up,200,0.085140,up,200,0.095257
2026-07-04T19:31:02Z,up,200,0.108189,up,200,0.104603,up,200,0.105732
2026-07-04T20:01:02Z,up,200,0.065791,up,200,0.072722,up,200,0.064212
2026-07-04T20:05:59Z,up,200,0.076203,up,200,0.088924,up,200,0.109803
2026-07-04T20:31:03Z,up,200,0.064563,up,200,0.083196,up,200,0.092625
2026-07-04T21:01:04Z,up,200,0.119614,up,200,0.142576,up,200,0.106805
2026-07-04T21:31:02Z,up,200,0.090541,up,200,0.146869,up,200,0.086444
2026-07-04T21:53:09Z,up,200,0.073371,up,200,0.080711,up,200,0.090552
2026-07-04T22:01:00Z,up,200,0.076428,up,200,0.093753,up,200,0.085094
2026-07-04T22:31:03Z,up,200,0.083045,up,200,0.094779,up,200,0.064994
2026-07-04T22:52:42Z,up,200,0.071488,up,200,0.066074,up,200,0.066500
2026-07-04T23:01:03Z,up,200,0.118853,up,200,0.238543,up,200,0.123948
2026-07-04T23:31:00Z,up,200,0.062282,up,200,0.078602,up,200,0.067813
2026-07-04T23:56:43Z,up,200,0.079730,up,200,0.061410,up,200,0.067445
2026-07-05T00:01:02Z,up,200,0.067087,up,200,0.071279,up,200,0.057346
2026-07-05T00:31:02Z,up,200,0.146784,up,200,0.096045,up,200,0.112365
2026-07-05T01:01:01Z,up,200,0.071577,up,200,0.106811,up,200,0.085134
2026-07-05T01:31:04Z,up,200,0.060391,up,200,0.083154,up,200,0.068357
2026-07-05T02:01:00Z,up,200,0.074711,up,200,0.079644,up,200,0.074373
2026-07-05T02:31:01Z,up,200,0.069800,up,200,0.072724,up,200,0.079827
2026-07-05T02:57:16Z,up,200,0.099008,up,200,0.067839,up,200,0.064454
2026-07-05T03:01:01Z,up,200,0.071065,up,200,0.076167,up,200,0.083516
2026-07-05T03:31:01Z,up,200,0.067960,up,200,0.070887,up,200,0.063457
2026-07-05T04:01:00Z,up,200,0.080950,up,200,0.068064,up,200,0.094903
2026-07-05T04:31:00Z,up,200,0.066022,up,200,0.068960,up,200,0.070814
2026-07-05T05:01:03Z,up,200,0.068089,up,200,0.075783,up,200,0.063096
2026-07-05T05:31:02Z,up,200,0.067248,up,200,0.081659,up,200,0.067768
2026-07-05T06:01:04Z,up,200,0.121876,up,200,0.185184,up,200,0.122693
2026-07-05T06:31:01Z,up,200,0.083384,up,200,0.108460,up,200,0.061368
2026-07-05T06:41:00Z,up,200,0.129454,up,200,0.212919,up,200,0.106645
2026-07-05T07:01:02Z,up,200,0.096405,up,200,0.107326,up,200,0.088460
2026-07-05T07:31:02Z,up,200,0.063981,up,200,0.072194,up,200,0.064919
2026-07-05T08:01:00Z,up,200,0.068028,up,200,0.091781,up,200,0.064490
2026-07-05T08:31:04Z,up,200,0.136300,up,200,0.215813,up,200,0.097981
2026-07-05T09:01:01Z,up,200,0.062647,up,200,0.063973,up,200,0.061210
2026-07-05T09:31:01Z,up,200,0.061177,up,200,0.064664,up,200,0.057399
2026-07-05T09:38:37Z,up,200,0.068920,up,200,0.070182,up,200,0.061375
2026-07-05T10:01:01Z,up,200,0.071602,up,200,0.064687,up,200,0.071369
2026-07-05T10:31:03Z,up,200,0.111079,up,200,0.120038,up,200,0.105097
2026-07-05T11:01:03Z,up,200,0.062081,up,200,0.074288,up,200,0.066101
2026-07-05T11:26:07Z,up,200,0.076542,up,200,0.064333,up,200,0.063282
2026-07-05T11:31:01Z,up,200,0.069358,up,200,0.071289,up,200,0.078839
2026-07-05T12:01:03Z,up,200,0.058985,up,200,0.066076,up,200,0.070646
2026-07-05T12:31:01Z,up,200,0.067221,up,200,0.072512,up,200,0.064180
2026-07-05T13:01:00Z,up,200,0.057171,up,200,0.071717,up,200,0.063450
2026-07-05T13:19:18Z,up,200,0.065183,up,200,0.068136,up,200,0.078650
2026-07-05T13:31:02Z,up,200,0.064495,up,200,0.066764,up,200,0.064285
2026-07-05T14:01:00Z,up,200,0.079491,up,200,0.078528,up,200,0.078355
2026-07-05T14:31:00Z,up,200,0.089505,up,200,0.070332,up,200,0.080315
2026-07-05T15:01:01Z,up,200,0.064211,up,200,0.072614,up,200,0.073969
2026-07-05T15:09:12Z,up,200,0.134668,up,200,0.098300,up,200,0.081824
2026-07-05T15:31:00Z,up,200,0.073969,up,200,0.069059,up,200,0.096754
2026-07-05T16:01:04Z,up,200,0.169083,up,200,0.109087,up,200,0.150493
2026-07-05T16:31:02Z,up,200,0.076652,up,200,0.060533,up,200,0.064392
2026-07-05T17:01:04Z,up,200,0.066857,up,200,0.076891,up,200,0.067853
2026-07-05T17:02:33Z,up,200,0.071280,up,200,0.087501,up,200,0.068189
2026-07-05T17:31:01Z,up,200,0.085234,up,200,0.088051,up,200,0.093530
2026-07-05T18:01:01Z,up,200,0.066631,up,200,0.089244,up,200,0.074566
2026-07-05T18:31:04Z,up,200,0.116132,up,200,0.189153,up,200,0.111732
2026-07-05T19:01:00Z,up,200,0.074518,up,200,0.083848,up,200,0.079446
2026-07-05T19:07:45Z,up,200,0.068266,up,200,0.066763,up,200,0.062682
2026-07-05T19:31:00Z,up,200,0.085071,up,200,0.079937,up,200,0.097499
2026-07-05T20:01:01Z,up,200,0.067562,up,200,0.066043,up,200,0.068317
2026-07-05T20:31:00Z,up,200,0.065686,up,200,0.070041,up,200,0.063530
2026-07-05T20:52:08Z,up,200,0.062991,up,200,0.068029,up,200,0.065996
2026-07-05T21:01:01Z,up,200,0.072985,up,200,0.082703,up,200,0.085629
2026-07-05T21:31:04Z,up,200,0.143010,up,200,0.139396,up,200,0.120616
2026-07-05T21:56:15Z,up,200,0.077844,up,200,0.075007,up,200,0.096278
2026-07-05T22:01:01Z,up,200,0.124463,up,200,0.137990,up,200,0.157869
2026-07-05T22:31:02Z,up,200,0.080704,up,200,0.110045,up,200,0.076991
2026-07-05T22:59:07Z,up,200,0.068585,up,200,0.071781,up,200,0.087999
2026-07-05T23:01:03Z,up,200,0.090280,up,200,0.070253,up,200,0.100563
2026-07-05T23:31:02Z,up,200,0.088289,up,200,0.082817,up,200,0.071747
2026-07-06T00:01:03Z,up,200,0.151885,up,200,0.106509,up,200,0.092013
2026-07-06T00:11:57Z,up,200,0.133549,up,200,0.138341,up,200,0.131707
2026-07-06T00:31:01Z,up,200,0.117305,up,200,0.082558,up,200,0.092351
2026-07-06T01:01:06Z,up,200,0.108097,up,200,0.123534,up,200,0.126482
2026-07-06T01:31:03Z,up,200,0.079264,up,200,0.115507,up,200,0.086212
2026-07-06T02:01:03Z,up,200,0.069557,up,200,0.076664,up,200,0.065836
2026-07-06T02:31:01Z,up,200,0.080014,up,200,0.086521,up,200,0.078083
2026-07-06T03:01:04Z,up,200,0.071683,up,200,0.044441,up,200,0.064146
2026-07-06T03:31:00Z,up,200,0.074240,up,200,0.074837,up,200,0.098295
2026-07-06T04:01:04Z,up,200,0.065432,up,200,0.081852,up,200,0.073429
2026-07-06T04:31:01Z,up,200,0.060978,up,200,0.078914,up,200,0.056101
2026-07-06T05:01:00Z,up,200,0.080074,up,200,0.097887,up,200,0.081117
2026-07-06T05:05:56Z,up,200,0.099829,up,200,0.099442,up,200,0.062411
2026-07-06T05:31:01Z,up,200,0.065038,up,200,0.091329,up,200,0.068530
2026-07-06T06:01:01Z,up,200,0.073691,up,200,0.082080,up,200,0.086403
2026-07-06T06:31:00Z,up,200,0.090717,up,200,0.065838,up,200,0.078223
2026-07-06T07:01:01Z,up,200,0.063787,up,200,0.093344,up,200,0.079481
2026-07-06T07:31:04Z,up,200,0.107611,up,200,0.110991,up,200,0.095241
2026-07-06T08:01:01Z,up,200,0.141115,up,200,0.084696,up,200,0.073761
2026-07-06T08:31:01Z,up,200,0.081648,up,200,0.075954,up,200,0.065066
2026-07-06T09:01:02Z,up,200,0.065284,up,200,0.074381,up,200,0.061551
2026-07-06T09:31:01Z,up,200,0.094576,up,200,0.065797,up,200,0.066350
2026-07-06T10:01:04Z,up,200,0.061977,up,200,0.078917,up,200,0.066079
2026-07-06T10:06:00Z,up,200,0.153936,up,200,0.066946,up,200,0.058137
2026-07-06T10:31:03Z,up,200,0.125050,up,200,0.113217,up,200,0.124975
2026-07-06T11:01:04Z,up,200,0.093348,up,200,0.168335,up,200,0.082978
2026-07-06T11:31:02Z,up,200,0.069042,up,200,0.064453,up,200,0.062291
2026-07-06T12:01:04Z,up,200,0.068831,up,200,0.071483,up,200,0.076158
2026-07-06T12:31:02Z,up,200,0.073575,up,200,0.077569,up,200,0.076334
2026-07-06T13:01:03Z,up,200,0.069587,up,200,0.114824,up,200,0.062092
2026-07-06T13:31:03Z,up,200,0.090753,up,200,0.097235,up,200,0.074020
2026-07-06T14:01:43Z,up,200,0.074683,up,200,0.080130,up,200,0.083276
2026-07-06T14:21:31Z,up,200,0.112526,up,200,0.078688,up,200,0.131378
2026-07-06T14:31:02Z,up,200,0.155739,up,200,0.228476,up,200,0.134193
2026-07-06T15:01:03Z,up,200,0.116961,up,200,0.093361,up,200,0.072155
2026-07-06T15:31:03Z,up,200,0.147006,up,200,0.131745,up,200,0.102692
2026-07-06T16:01:03Z,up,200,0.116658,up,200,0.071804,up,200,0.082059
2026-07-06T16:31:04Z,up,200,0.125778,up,200,0.089160,up,200,0.107373
2026-07-06T17:01:04Z,up,200,0.083771,up,200,0.098658,up,200,0.074059
2026-07-06T17:31:01Z,up,200,0.090873,up,200,0.145534,up,200,0.089317
2026-07-06T17:38:21Z,up,200,0.096534,up,200,0.125953,up,200,0.110309
2026-07-06T18:01:02Z,up,200,0.077891,up,200,0.079087,up,200,0.083142
2026-07-06T18:31:04Z,up,200,0.099959,up,200,0.076366,up,200,0.083403
2026-07-06T19:01:06Z,up,200,0.228761,up,200,0.316714,up,200,0.166826
2026-07-06T19:31:01Z,up,200,0.111040,up,200,0.113043,up,200,0.092592
2026-07-06T19:47:51Z,up,200,0.080149,up,200,0.085521,up,200,0.068609
2026-07-06T20:01:02Z,up,200,0.073212,up,200,0.083686,up,200,0.083200
2026-07-06T20:31:02Z,up,200,0.192984,up,200,0.114920,up,200,0.099534
2026-07-06T21:01:04Z,up,200,0.090074,up,200,0.079120,up,200,0.068001
2026-07-06T21:24:14Z,up,200,0.131121,up,200,0.194323,up,200,0.134795
2026-07-06T21:31:02Z,up,200,0.107567,up,200,0.132392,up,200,0.098708
2026-07-06T22:01:01Z,up,200,0.090093,up,200,0.089601,up,200,0.108342
2026-07-06T22:31:03Z,up,200,0.155109,up,200,0.132787,up,200,0.121388
2026-07-06T23:01:03Z,up,200,0.228309,up,200,0.117063,up,200,0.195989
2026-07-06T23:01:53Z,up,200,0.093055,up,200,0.075247,up,200,0.072913
2026-07-06T23:31:02Z,up,200,0.080159,up,200,0.096693,up,200,0.069775
2026-07-07T00:01:01Z,up,200,0.100517,up,200,0.100848,up,200,0.080891
2026-07-07T00:30:55Z,up,200,0.068953,up,200,0.088843,up,200,0.072352
2026-07-07T01:00:56Z,up,200,0.070429,up,200,0.077977,up,200,0.074813
2026-07-07T01:30:54Z,up,200,0.098904,up,200,0.092081,up,200,0.096225
2026-07-07T02:00:58Z,up,200,0.162399,up,200,0.169687,up,200,0.154240
2026-07-07T02:30:57Z,up,200,0.086159,up,200,0.100536,up,200,0.071553
2026-07-07T02:33:31Z,up,200,0.068491,up,200,0.069610,up,200,0.080488
2026-07-07T03:00:53Z,up,200,0.078758,up,200,0.077018,up,200,0.072862
2026-07-07T03:30:52Z,up,200,0.088443,up,200,0.115379,up,200,0.109213
2026-07-07T04:00:55Z,up,200,0.080140,up,200,0.124119,up,200,0.072766
2026-07-07T04:30:55Z,up,200,0.069535,up,200,0.075489,up,200,0.067786
2026-07-07T05:00:58Z,up,200,0.109575,up,200,0.136939,up,200,0.123343
2026-07-07T05:30:52Z,up,200,0.064435,up,200,0.070883,up,200,0.072207
2026-07-07T06:00:49Z,up,200,0.072681,up,200,0.068331,up,200,0.067954
2026-07-07T06:30:48Z,up,200,0.101207,up,200,0.095114,up,200,0.078241
2026-07-07T06:40:47Z,up,200,0.120052,up,200,0.106927,up,200,0.148095
2026-07-07T07:00:15Z,up,200,0.106403,up,200,0.100757,up,200,0.120623
2026-07-07T07:30:19Z,up,200,0.139443,up,200,0.125513,up,200,0.108439
2026-07-07T08:00:13Z,up,200,0.088753,up,200,0.097615,up,200,0.064892
2026-07-07T08:30:12Z,up,200,0.077147,up,200,0.076138,up,200,0.072148
2026-07-07T09:00:14Z,up,200,0.065899,up,200,0.063891,up,200,0.064478
2026-07-07T09:30:15Z,up,200,0.160579,up,200,0.070418,up,200,0.087350
2026-07-07T10:00:15Z,up,200,0.064206,up,200,0.067178,up,200,0.068387
2026-07-07T10:21:29Z,up,200,0.070698,up,200,0.080237,up,200,0.123372
2026-07-07T10:30:13Z,up,200,0.066338,up,200,0.068786,up,200,0.077893
2026-07-07T11:00:13Z,up,200,0.083071,up,200,0.069403,up,200,0.062812
2026-07-07T11:30:18Z,up,200,0.107053,up,200,0.096923,up,200,0.105007
2026-07-07T12:00:15Z,up,200,0.129791,up,200,0.105991,up,200,0.110995
2026-07-07T12:30:16Z,up,200,0.061146,up,200,0.065922,up,200,0.070870
2026-07-07T13:00:15Z,up,200,0.240246,up,200,0.074961,up,200,0.078548
2026-07-07T13:14:21Z,up,200,0.092044,up,200,0.069753,up,200,0.078908
2026-07-07T13:30:13Z,up,200,0.087116,up,200,0.077253,up,200,0.078268
2026-07-07T14:00:18Z,up,200,0.097434,up,200,0.085766,up,200,0.089726
2026-07-07T14:30:19Z,up,200,0.075473,up,200,0.067187,up,200,0.070008
2026-07-07T15:00:18Z,up,200,0.089757,up,200,0.100026,up,200,0.096110
2026-07-07T15:30:17Z,up,200,0.080344,up,200,0.102322,up,200,0.068361
2026-07-07T16:00:15Z,up,200,0.084940,up,200,0.079184,up,200,0.073011
2026-07-07T16:24:30Z,up,200,0.100533,up,200,0.130605,up,200,0.100133
2026-07-07T16:30:12Z,up,200,0.100966,up,200,0.163728,up,200,0.245130
2026-07-07T17:00:17Z,up,200,0.130564,up,200,0.126887,up,200,0.078211
2026-07-07T17:30:18Z,up,200,0.128194,up,200,0.257834,up,200,0.223885
2026-07-07T18:00:18Z,up,200,0.205825,up,200,0.174025,up,200,0.167107
2026-07-07T18:30:14Z,up,200,0.109098,up,200,0.099433,up,200,0.099206
2026-07-07T18:57:53Z,up,200,0.074659,up,200,0.072425,up,200,0.081298
2026-07-07T19:00:13Z,up,200,0.097882,up,200,0.131758,up,200,0.169415
2026-07-07T19:30:13Z,up,200,0.096524,up,200,0.086608,up,200,0.164091
2026-07-07T20:00:15Z,up,200,0.134655,up,200,0.125496,up,200,0.084865
2026-07-07T20:30:16Z,up,200,0.080756,up,200,0.074870,up,200,0.105086
2026-07-07T20:49:48Z,up,200,0.077483,up,200,0.071068,up,200,0.090247
2026-07-07T21:00:15Z,up,200,0.275039,up,200,0.276678,up,200,0.109220
2026-07-07T21:30:15Z,up,200,0.072594,up,200,0.072681,up,200,0.065034
2026-07-07T22:00:15Z,up,200,0.211090,up,200,0.133711,up,200,0.254606
2026-07-07T22:07:45Z,up,200,0.100294,up,200,0.138661,up,200,0.110194
2026-07-07T22:30:15Z,up,200,0.081423,up,200,0.079401,up,200,0.072682
2026-07-07T23:00:12Z,up,200,0.088523,up,200,0.099767,up,200,0.083735
2026-07-07T23:30:12Z,up,200,0.144446,up,200,0.099274,up,200,0.084174
2026-07-07T23:53:28Z,up,200,0.138187,up,200,0.115987,up,200,0.107494
2026-07-08T00:00:13Z,up,200,0.086943,up,200,0.174040,up,200,0.131341
2026-07-08T00:30:12Z,up,200,0.121099,up,200,0.074876,up,200,0.102747
2026-07-08T01:00:13Z,up,200,0.084361,up,200,0.133540,up,200,0.074635
2026-07-08T01:30:12Z,up,200,0.082448,up,200,0.129188,up,200,0.113754
2026-07-08T02:00:15Z,up,200,0.071156,up,200,0.080761,up,200,0.066581
2026-07-08T02:07:17Z,up,200,0.150050,up,200,0.183274,up,200,0.139197
2026-07-08T02:30:11Z,up,200,0.090502,up,200,0.097487,up,200,0.073139
2026-07-08T03:00:14Z,up,200,0.078198,up,200,0.082727,up,200,0.107238
2026-07-08T03:30:12Z,up,200,0.090488,up,200,0.091044,up,200,0.074778
2026-07-08T04:00:12Z,up,200,0.113021,up,200,0.083554,up,200,0.089447
2026-07-08T04:30:12Z,up,200,0.076309,up,200,0.081173,up,200,0.087294
2026-07-08T05:00:12Z,up,200,0.111430,up,200,0.104752,up,200,0.087291
2026-07-08T05:30:12Z,up,200,0.069413,up,200,0.118655,up,200,0.077467
2026-07-08T05:45:02Z,up,200,0.079444,up,200,0.080473,up,200,0.108390
2026-07-08T06:00:12Z,up,200,0.077712,up,200,0.075637,up,200,0.072975
2026-07-08T06:30:11Z,up,200,0.078940,up,200,0.067928,up,200,0.096184
2026-07-08T07:00:12Z,up,200,0.115030,up,200,0.101270,up,200,0.079205
2026-07-08T07:30:13Z,up,200,0.065143,up,200,0.076599,up,200,0.066652
2026-07-08T08:00:15Z,up,200,0.066684,up,200,0.067967,up,200,0.070287
2026-07-08T08:16:04Z,up,200,0.059599,up,200,0.080835,up,200,0.099926
2026-07-08T08:30:14Z,up,200,0.065898,up,200,0.094705,up,200,0.069508
2026-07-08T09:00:14Z,up,200,0.088726,up,200,0.092215,up,200,0.104634
2026-07-08T09:30:15Z,up,200,0.079401,up,200,0.090288,up,200,0.069801
2026-07-08T10:00:12Z,up,200,0.111761,up,200,0.101423,up,200,0.070260
2026-07-08T10:30:12Z,up,200,0.067013,up,200,0.083939,up,200,0.075789
2026-07-08T10:58:50Z,up,200,0.084844,up,200,0.099614,up,200,0.075856
2026-07-08T11:00:15Z,up,200,0.067445,up,200,0.071812,up,200,0.103100
2026-07-08T11:30:29Z,up,200,0.067732,up,200,0.066026,up,200,0.081084
2026-07-08T12:00:15Z,up,200,0.113620,up,200,0.100563,up,200,0.126910
2026-07-08T12:23:01Z,up,200,0.065306,up,200,0.068346,up,200,0.071699
2026-07-08T12:30:15Z,up,200,0.092747,up,200,0.090447,up,200,0.077179
2026-07-08T13:00:48Z,up,200,0.083590,up,200,0.104545,up,200,0.092878
2026-07-08T13:30:47Z,up,200,0.100490,up,200,0.143791,up,200,0.126854
2026-07-08T14:01:31Z,up,200,0.074034,up,200,0.093392,up,200,0.078498
2026-07-08T14:30:49Z,up,200,0.141195,up,200,0.100918,up,200,0.181023
2026-07-08T15:00:49Z,up,200,0.315726,up,200,0.146164,up,200,0.119910
2026-07-08T15:14:15Z,up,200,0.085242,up,200,0.082521,up,200,0.073041
2026-07-08T15:30:50Z,up,200,0.155960,up,200,0.135340,up,200,0.133149
2026-07-08T16:00:50Z,up,200,0.131854,up,200,0.136086,up,200,0.147305
2026-07-08T16:30:48Z,up,200,0.095970,up,200,0.106203,up,200,0.085812
2026-07-08T17:00:51Z,up,200,0.221988,up,200,0.168631,up,200,0.127266
2026-07-08T17:23:54Z,up,200,0.165602,up,200,0.215011,up,200,0.150630
2026-07-08T17:30:47Z,up,200,0.085904,up,200,0.096130,up,200,0.106993
2026-07-08T18:30:47Z,up,200,0.090300,up,200,0.081387,up,200,0.100443
2026-07-08T19:00:49Z,up,200,0.151530,up,200,0.172303,up,200,0.156738
2026-07-08T19:15:48Z,up,200,0.162320,up,200,0.115712,up,200,0.152762
2026-07-08T19:30:51Z,up,200,0.117822,up,200,0.155399,up,200,0.126090
2026-07-08T20:00:47Z,up,200,0.113123,up,200,0.088542,up,200,0.103824
2026-07-08T20:30:48Z,up,200,0.076673,up,200,0.080655,up,200,0.107186
2026-07-08T21:00:55Z,up,200,0.159255,up,200,0.140566,up,200,0.151830
2026-07-08T21:30:47Z,up,200,0.086819,up,200,0.098720,up,200,0.150027
2026-07-08T22:00:46Z,up,200,0.073817,up,200,0.111544,up,200,0.147563
2026-07-08T22:30:46Z,up,200,0.084600,up,200,0.099938,up,200,0.094888
2026-07-08T22:59:13Z,up,200,0.067187,up,200,0.075125,up,200,0.080536
2026-07-08T23:00:49Z,up,200,0.074985,up,200,0.074247,up,200,0.107859
2026-07-08T23:30:48Z,up,200,0.091420,up,200,0.075856,up,200,0.073554
2026-07-09T00:00:48Z,up,200,0.147010,up,200,0.138746,up,200,0.147769
2026-07-09T00:16:28Z,up,200,0.073942,up,200,0.071461,up,200,0.076582
2026-07-09T00:30:46Z,up,200,0.067037,up,200,0.080709,up,200,0.082315
2026-07-09T01:00:49Z,up,200,0.094105,up,200,0.072255,up,200,0.068378
2026-07-09T01:30:45Z,up,200,0.088716,up,200,0.078129,up,200,0.111666
2026-07-09T02:00:48Z,up,200,0.080530,up,200,0.076669,up,200,0.087243
2026-07-09T02:30:47Z,up,200,0.087774,up,200,0.115059,up,200,0.075068
2026-07-09T03:00:48Z,up,200,0.070358,up,200,0.069213,up,200,0.082947
2026-07-09T03:30:46Z,up,200,0.083210,up,200,0.091800,up,200,0.070919
2026-07-09T04:00:47Z,up,200,0.068114,up,200,0.075989,up,200,0.061241
2026-07-09T04:35:48Z,up,200,0.080198,up,200,0.093589,up,200,0.070006
2026-07-09T04:46:03Z,up,200,0.080506,up,200,0.075453,up,200,0.062579
2026-07-09T05:00:49Z,up,200,0.106464,up,200,0.122432,up,200,0.146833
2026-07-09T05:30:46Z,up,200,0.061092,up,200,0.076533,up,200,0.087520
2026-07-09T06:00:48Z,up,200,0.127750,up,200,0.097506,up,200,0.114025
2026-07-09T06:30:47Z,up,200,0.066766,up,200,0.074525,up,200,0.106844
2026-07-09T07:30:45Z,up,200,0.175146,up,200,0.203795,up,200,0.176922
2026-07-09T08:00:49Z,up,200,0.104920,up,200,0.123117,up,200,0.098945
2026-07-09T08:29:07Z,up,200,0.167792,up,200,0.192819,up,200,0.159469
2026-07-09T08:35:46Z,up,200,0.148296,up,200,0.113399,up,200,0.147652
2026-07-09T09:05:49Z,up,200,0.096104,up,200,0.114208,up,200,0.101348
2026-07-09T09:40:49Z,up,200,0.178440,up,200,0.188740,up,200,0.080224
2026-07-09T10:00:47Z,up,200,0.183302,up,200,0.099931,up,200,0.076348
2026-07-09T10:30:48Z,up,200,0.126466,up,200,0.158367,up,200,0.141750
2026-07-09T11:05:48Z,up,200,0.172966,up,200,0.178992,up,200,0.097493
2026-07-09T11:30:48Z,up,200,0.104436,up,200,0.100322,up,200,0.085566
2026-07-09T11:51:44Z,up,200,0.206468,up,200,0.184660,up,200,0.152118
2026-07-09T12:00:47Z,up,200,0.288658,up,200,0.167915,up,200,0.109547
2026-07-09T13:00:04Z,up,200,0.201843,up,200,0.186101,up,200,0.112523
2026-07-09T13:00:59Z,up,200,0.186023,up,200,0.087671,up,200,0.177401
2026-07-09T13:30:52Z,up,200,0.113326,up,200,0.137965,up,200,0.154826
2026-07-09T14:00:49Z,up,200,0.214212,up,200,0.169318,up,200,0.185202
2026-07-09T14:30:47Z,up,200,0.171226,up,200,0.121685,up,200,0.092626
2026-07-09T14:44:06Z,up,200,0.189473,up,200,0.214286,up,200,0.186214
2026-07-09T15:00:49Z,up,200,0.151608,up,200,0.169043,up,200,0.109202
2026-07-09T15:30:47Z,up,200,0.198797,up,200,0.131629,up,200,0.166030
2026-07-09T16:00:48Z,up,200,0.161980,up,200,0.281320,up,200,0.203644
2026-07-09T16:30:46Z,up,200,0.192594,up,200,0.197425,up,200,0.118906
2026-07-09T17:00:49Z,up,200,0.148461,up,200,0.104465,up,200,0.099431
2026-07-09T17:16:39Z,up,200,0.169806,up,200,0.185307,up,200,0.188378
2026-07-09T17:30:48Z,up,200,0.155423,up,200,0.106293,up,200,0.137636
2026-07-09T18:30:47Z,up,200,0.214665,up,200,0.162024,up,200,0.131433
2026-07-09T19:00:46Z,up,200,0.260297,up,200,0.147456,up,200,0.176545
2026-07-09T19:28:59Z,up,200,0.345924,up,200,0.165273,up,200,0.186595
2026-07-09T19:30:46Z,up,200,0.195343,up,200,0.153530,up,200,0.179765
2026-07-09T20:00:47Z,up,200,0.226067,up,200,0.247637,up,200,0.127927
2026-07-09T20:30:46Z,up,200,0.297681,up,200,0.227224,up,200,0.212601
2026-07-09T21:17:30Z,up,200,0.177096,up,200,0.188961,up,200,0.120485
2026-07-09T21:30:48Z,up,200,0.246298,up,200,0.181652,up,200,0.142555
2026-07-09T22:01:06Z,up,200,0.142625,up,200,0.107866,up,200,0.102071
2026-07-09T22:31:03Z,up,200,0.132970,up,200,0.341579,up,200,0.078908
2026-07-09T23:01:04Z,up,200,0.252559,up,200,0.226586,up,200,0.230683
2026-07-09T23:06:24Z,up,200,0.159594,up,200,0.152237,up,200,0.113620
2026-07-09T23:31:03Z,up,200,0.290248,up,200,0.365905,up,200,0.290770
2026-07-10T00:01:04Z,up,200,0.196873,up,200,0.094035,up,200,0.168512
2026-07-10T00:31:01Z,up,200,1.299932,up,200,0.140971,up,200,0.108672
2026-07-10T01:00:59Z,up,200,0.189839,up,200,0.234662,up,200,0.131694
2026-07-10T01:31:01Z,up,200,0.085297,up,200,0.112872,up,200,0.096821
2026-07-10T02:01:01Z,up,200,0.134522,up,200,0.142615,up,200,0.096096
2026-07-10T02:27:25Z,up,200,0.208069,up,200,0.128226,up,200,0.188767
2026-07-10T02:31:01Z,up,200,0.173753,up,200,0.311126,up,200,0.295832
2026-07-10T03:00:59Z,up,200,0.092688,up,200,0.107848,up,200,0.088761
2026-07-10T03:30:57Z,up,200,0.105535,up,200,0.195094,up,200,0.148537
2026-07-10T04:01:03Z,up,200,0.223177,up,200,0.225697,up,200,0.218795
2026-07-10T04:30:57Z,up,200,0.132480,up,200,0.210033,up,200,0.111392
2026-07-10T05:01:02Z,up,200,0.191241,up,200,0.185302,up,200,0.164628
2026-07-10T05:30:59Z,up,200,0.129810,up,200,0.105865,up,200,0.099413
2026-07-10T06:01:03Z,up,200,0.109583,up,200,0.102483,up,200,0.088699
2026-07-10T06:31:02Z,up,200,0.121093,up,200,0.220398,up,200,0.122265
2026-07-10T06:38:48Z,up,200,0.182214,up,200,0.207280,up,200,0.154458
2026-07-10T07:01:04Z,up,200,0.127818,up,200,0.138765,up,200,0.089191
2026-07-10T07:30:59Z,up,200,0.122105,up,200,0.090691,up,200,0.176114
2026-07-10T08:01:04Z,up,200,0.126606,up,200,0.092909,up,200,0.124460
2026-07-10T08:31:01Z,up,200,0.201678,up,200,0.120886,up,200,0.122455
2026-07-10T09:31:01Z,up,200,0.287897,up,200,0.126288,up,200,0.114936
2026-07-10T10:01:00Z,up,200,0.195099,up,200,0.220743,up,200,0.180332
2026-07-10T10:18:50Z,up,200,0.089135,up,200,0.085499,up,200,0.102027
2026-07-10T10:31:00Z,up,200,0.115360,up,200,0.092220,up,200,0.185282
2026-07-10T11:01:03Z,up,200,0.288741,up,200,0.500145,up,200,0.311698
2026-07-10T11:31:02Z,up,200,0.143903,up,200,0.193871,up,200,0.189796
2026-07-10T12:31:01Z,up,200,0.221079,up,200,0.199027,up,200,0.093611
2026-07-10T13:00:59Z,up,200,0.137603,up,200,0.247128,up,200,0.189900
2026-07-10T13:07:56Z,up,200,0.282441,up,200,0.176109,up,200,0.084936
2026-07-10T13:31:02Z,up,200,0.191829,up,200,0.187824,up,200,0.226128
2026-07-10T14:01:03Z,up,200,0.200512,up,200,0.279177,up,200,0.121405
2026-07-10T14:31:03Z,up,200,0.105837,up,200,0.114590,up,200,0.108376
2026-07-10T15:01:01Z,up,200,0.098968,up,200,0.089459,up,200,0.075324
2026-07-10T15:31:03Z,up,200,0.114464,up,200,0.223677,up,200,0.163395
2026-07-10T16:01:04Z,up,200,0.096399,up,200,0.241639,up,200,0.091685
2026-07-10T16:21:10Z,up,200,0.137698,up,200,0.145388,up,200,0.121167
2026-07-10T16:31:02Z,up,200,0.096464,up,200,0.122753,up,200,0.078494
2026-07-10T17:01:07Z,up,200,0.191151,up,200,0.235112,up,200,0.181635
2026-07-10T17:30:59Z,up,200,0.287760,up,200,0.184443,up,200,0.140732
2026-07-10T18:01:00Z,up,200,0.254589,up,200,0.136234,up,200,0.238512
2026-07-10T18:19:03Z,up,200,0.192357,up,200,0.164614,up,200,0.168064
2026-07-10T18:31:07Z,up,200,0.220970,up,200,0.155602,up,200,0.213332
2026-07-10T19:00:59Z,up,200,0.143479,up,200,0.191179,up,200,0.089936
2026-07-10T19:31:03Z,up,200,0.300156,up,200,0.281629,up,200,0.202644
2026-07-10T20:01:04Z,up,200,0.247161,up,200,0.096937,up,200,0.117083
2026-07-10T20:17:55Z,up,200,0.210391,up,200,0.108531,up,200,0.089459
2026-07-10T20:31:02Z,up,200,0.187573,up,200,0.165112,up,200,0.221839
2026-07-10T21:00:59Z,up,200,0.140621,up,200,0.201349,up,200,0.188848
2026-07-10T21:31:00Z,up,200,0.166795,up,200,0.183237,up,200,0.096857
2026-07-10T21:55:56Z,up,200,0.202407,up,200,0.183018,up,200,0.129227
2026-07-10T22:01:02Z,up,200,0.169238,up,200,0.186661,up,200,0.147756
2026-07-10T22:30:58Z,up,200,0.155826,up,200,0.189620,up,200,0.078398
2026-07-10T22:56:59Z,up,200,0.233303,up,200,0.241911,up,200,0.106990
2026-07-10T23:00:59Z,up,200,0.222454,up,200,0.110203,up,200,0.133670
2026-07-10T23:31:01Z,up,200,0.235048,up,200,0.209688,up,200,0.206232
2026-07-10T23:56:50Z,up,200,0.181947,up,200,0.097001,up,200,0.173592
2026-07-11T00:01:02Z,up,200,0.193593,up,200,0.140547,up,200,0.185717
2026-07-11T00:30:59Z,up,200,0.217486,up,200,0.163885,up,200,0.196802
2026-07-11T01:00:59Z,up,200,0.226557,up,200,0.196670,up,200,0.272626
2026-07-11T01:30:57Z,up,200,0.133297,up,200,0.189454,up,200,0.174526
2026-07-11T02:00:58Z,up,200,0.179748,up,200,0.198575,up,200,0.129488
2026-07-11T02:30:57Z,up,200,0.190873,up,200,0.091330,up,200,0.118707
2026-07-11T02:32:45Z,up,200,0.151048,up,200,0.155807,up,200,0.099609
2026-07-11T03:01:06Z,up,200,0.216211,up,200,0.171346,up,200,0.201719
2026-07-11T03:31:00Z,up,200,0.238042,up,200,0.202088,up,200,0.148680
2026-07-11T04:00:58Z,up,200,0.215857,up,200,0.125581,up,200,0.108049
2026-07-11T04:30:50Z,up,200,0.116643,up,200,0.219129,up,200,0.114803
2026-07-11T05:00:54Z,up,200,0.257288,up,200,0.442775,up,200,0.237977
2026-07-11T05:30:52Z,up,200,0.183767,up,200,0.108664,up,200,0.083675
2026-07-11T05:34:51Z,up,200,0.103966,up,200,0.118208,up,200,0.190928
2026-07-11T06:00:53Z,up,200,0.199624,up,200,0.186145,up,200,0.247392
2026-07-11T06:30:53Z,up,200,0.209898,up,200,0.184001,up,200,0.252016
2026-07-11T07:00:52Z,up,200,0.186467,up,200,0.189662,up,200,0.182027
2026-07-11T07:30:51Z,up,200,0.104434,up,200,0.159527,up,200,0.128910
2026-07-11T07:45:54Z,up,200,0.103525,up,200,0.223920,up,200,0.091635
2026-07-11T08:00:51Z,up,200,0.189162,up,200,0.174053,up,200,0.190100
2026-07-11T08:30:53Z,up,200,0.104111,up,200,0.126368,up,200,0.093061
2026-07-11T09:00:53Z,up,200,0.234753,up,200,0.243319,up,200,0.197298
2026-07-11T09:22:13Z,up,200,0.220475,up,200,0.171230,up,200,0.155375
2026-07-11T09:30:50Z,up,200,0.107073,up,200,0.085751,up,200,0.160367
2026-07-11T10:00:51Z,up,200,0.148654,up,200,0.118874,up,200,0.195093
2026-07-11T10:30:52Z,up,200,0.130840,up,200,0.095241,up,200,0.091438
2026-07-11T10:58:50Z,up,200,0.214607,up,200,0.180546,up,200,0.156095
2026-07-11T11:00:53Z,up,200,0.187831,up,200,0.144253,up,200,0.111870
2026-07-11T11:30:53Z,up,200,0.183134,up,200,0.117581,up,200,0.099666
2026-07-11T11:55:35Z,up,200,0.096511,up,200,0.146390,up,200,0.168326
2026-07-11T12:00:51Z,up,200,0.110097,up,200,0.162312,up,200,0.118734
2026-07-11T12:30:51Z,up,200,0.109545,up,200,0.116979,up,200,0.181551
2026-07-11T13:00:54Z,up,200,0.144835,up,200,0.087612,up,200,0.099664
2026-07-11T13:08:29Z,up,200,0.105127,up,200,0.114069,up,200,0.126657
2026-07-11T13:30:52Z,up,200,0.181381,up,200,0.087136,up,200,0.101903
2026-07-11T14:00:51Z,up,200,0.204500,up,200,0.205278,up,200,0.097859
2026-07-11T14:30:51Z,up,200,0.188454,up,200,0.139119,up,200,0.129296
2026-07-11T14:47:15Z,up,200,0.189734,up,200,0.150245,up,200,0.142389
2026-07-11T15:00:51Z,up,200,0.095084,up,200,0.159825,up,200,0.116208
2026-07-11T15:30:54Z,up,200,0.167645,up,200,0.295138,up,200,0.179545
2026-07-11T15:49:33Z,up,200,0.188774,up,200,0.191418,up,200,0.237327
2026-07-11T16:00:53Z,up,200,0.196109,up,200,0.182478,up,200,0.185735
2026-07-11T16:30:52Z,up,200,0.143020,up,200,0.097671,up,200,0.124119
2026-07-11T16:49:30Z,up,200,0.168692,up,200,0.124643,up,200,0.209483
2026-07-11T17:00:52Z,up,200,0.279577,up,200,0.169454,up,200,0.174187
2026-07-11T17:30:53Z,up,200,0.177345,up,200,0.194147,up,200,0.150129
2026-07-11T17:50:28Z,up,200,0.124431,up,200,0.188471,up,200,0.170130
2026-07-11T18:00:52Z,up,200,0.152700,up,200,0.153949,up,200,0.223249
2026-07-11T18:52:50Z,up,200,0.290743,up,200,0.161246,up,200,0.133761
2026-07-11T20:02:23Z,up,200,0.220619,up,200,0.178301,up,200,0.141600
2026-07-11T21:00:52Z,up,200,0.216904,up,200,0.261565,up,200,0.136949
2026-07-11T21:30:50Z,up,200,0.147134,up,200,0.117169,up,200,0.071563
2026-07-11T21:42:45Z,up,200,0.180493,up,200,0.094605,up,200,0.166020
2026-07-11T22:00:54Z,up,200,0.143697,up,200,0.148425,up,200,0.132876
2026-07-11T22:30:52Z,up,200,0.197527,up,200,0.359110,up,200,0.219547
2026-07-11T22:41:18Z,up,200,0.091754,up,200,0.123868,up,200,0.075860
2026-07-11T23:00:54Z,up,200,0.113938,up,200,0.105013,up,200,0.133271
2026-07-11T23:30:54Z,up,200,0.193380,up,200,0.355603,up,200,0.237234
2026-07-11T23:49:14Z,up,200,0.137450,up,200,0.135332,up,200,0.221895
2026-07-12T00:00:52Z,up,200,0.111275,up,200,0.098311,up,200,0.164109
2026-07-12T00:30:53Z,up,200,0.191556,up,200,0.297558,up,200,0.120041
2026-07-12T01:01:27Z,up,200,0.216288,up,200,0.097955,up,200,0.077066
2026-07-12T01:30:52Z,up,200,0.177358,up,200,0.160591,up,200,0.134287
2026-07-12T02:00:54Z,up,200,0.096951,up,200,0.095419,up,200,0.080298
2026-07-12T02:08:48Z,up,200,0.176271,up,200,0.197606,up,200,0.150197
2026-07-12T02:30:51Z,up,200,0.103782,up,200,0.176913,up,200,0.172571
2026-07-12T03:00:53Z,up,200,0.196571,up,200,0.205540,up,200,0.169328
2026-07-12T03:30:50Z,up,200,0.115145,up,200,0.096509,up,200,0.118635
2026-07-12T04:00:53Z,up,200,0.117831,up,200,0.183412,up,200,0.163212
2026-07-12T04:30:53Z,up,200,0.100116,up,200,0.108285,up,200,0.085517
2026-07-12T05:00:53Z,up,200,0.091933,up,200,0.100388,up,200,0.096887
2026-07-12T05:30:54Z,up,200,0.192300,up,200,0.273198,up,200,0.115822
2026-07-12T05:51:13Z,up,200,0.138089,up,200,0.322101,up,200,0.182003
2026-07-12T06:00:51Z,up,200,0.147916,up,200,0.155666,up,200,0.091192
2026-07-12T06:30:53Z,up,200,0.224654,up,200,0.128715,up,200,0.083018
2026-07-12T07:00:52Z,up,200,0.108803,up,200,0.252732,up,200,0.101868
2026-07-12T07:30:52Z,up,200,0.276769,up,200,0.256493,up,200,0.131301
2026-07-12T08:00:54Z,up,200,0.164411,up,200,0.191020,up,200,0.132959
2026-07-12T08:07:22Z,up,200,0.110901,up,200,0.170028,up,200,0.116467
2026-07-12T08:30:51Z,up,200,0.280772,up,200,0.191441,up,200,0.067720
2026-07-12T09:01:08Z,up,200,0.138742,up,200,0.157032,up,200,0.079496
2026-07-12T09:31:05Z,up,200,0.104941,up,200,0.170716,up,200,0.111700
2026-07-12T10:01:06Z,up,200,0.160183,up,200,0.170640,up,200,0.149454
2026-07-12T10:21:53Z,up,200,0.106428,up,200,0.107288,up,200,0.080309
2026-07-12T10:31:10Z,up,200,0.163887,up,200,0.160863,up,200,0.106810
